id,first_name,middle_name,last_name,email,dob,gender,status,terms_accepted,terms_accepted_at,address_street,address_city,address_state,address_zip,phone
k1rvfjic,Dale,Milo,Stehr,Brenna_Crist32@yahoo.com,1973-12-19,female,active,1,2018-02-01T21:42:28.226Z,5741 Greenfelder Plaza,New Zoeburgh,New Hampshire,89936,1-240-834-6719 x5015
r1nin6s9,Marjory,Dillon,Schultz,Ronaldo_McDermott@gmail.com,1964-08-12,male,active,0,,16464 Volkman Estates,West Willieport,Alaska,67183-9355,593-369-8524 x9295
h1pfp420,Leda,Osvaldo,Konopelski,Mara.Cassin28@hotmail.com,1983-09-18,male,active,0,,87531 Brannon Estate,Lednerport,New York,56686-9502,1-528-251-7717
v8yrj9o0,Sherwood,Effie,Brekke,Jeffrey34@gmail.com,2002-06-23,male,active,0,,43651 Hintz Course,Fayburgh,Wisconsin,96786,1-528-197-9565 x710
ev4vnkf3,Cora,Nora,Gulgowski,Woodrow_Kovacek@hotmail.com,2010-07-29,female,inactive,1,2018-05-06T01:58:22.025Z,206 Monahan Stream,East Sebastianside,Iowa,70723,150-890-4337 x09058
3g7njz5r,Judd,Fanny,Kuphal,Camilla_Lubowitz@hotmail.com,1966-06-06,male,active,1,2017-11-06T13:41:46.405Z,9105 Bauch Bypass,East Linneafort,New Jersey,19458,521-213-4124
rxx8ip5q,Jan,Robyn,Auer,Sincere87@yahoo.com,2012-04-28,male,inactive,0,,998 Kara Gardens,Gislasonton,South Dakota,05609,857.556.7749
s16ien3r,Norbert,Lawrence,King,Grady14@hotmail.com,2012-11-09,male,active,0,,5135 Dane Dam,Shanahanshire,Mississippi,10410-8477,(661) 599-6589
uw380vgp,Letha,Billie,Kiehn,Aniya.Fadel37@hotmail.com,1976-06-29,female,active,0,,73818 Sigurd Squares,New Lilianafort,Pennsylvania,51316,1-986-525-5395
3g6jv873,Lourdes,Sonny,Luettgen,Charlie53@gmail.com,1995-08-10,female,inactive,1,2018-04-09T05:34:55.316Z,72924 Fahey Square,Murphyland,Oregon,73283,(758) 336-9007 x699
1zsjhd0d,Leola,Augustus,Crona,Axel_West@yahoo.com,1991-03-17,female,inactive,1,2018-05-12T16:59:58.365Z,328 Glen Cliffs,Lefflerbury,North Dakota,44064,270-729-6496 x547
n4wuoop3,Isidro,Dorcas,Windler,River6@hotmail.com,2009-03-04,female,active,1,2017-05-27T00:31:29.958Z,521 Leonard Wells,New Leon,Washington,21302-8291,(322) 012-1503 x45880
nzt4ls5m,Camilla,Rebekah,Hoeger,Zoey_Little@hotmail.com,1993-02-23,female,active,0,,595 Allene Views,New Leifberg,Ohio,90890-9708,839.499.0526 x3301
asmwkumw,Jaydon,Josefa,Dicki,Grace83@gmail.com,1965-04-04,female,inactive,1,2017-10-11T16:42:24.827Z,0492 Courtney Road,East Raleigh,South Carolina,44708,1-138-382-1737 x45258
apxbowuy,Lew,Rachael,D'Amore,Garnet_Cartwright14@gmail.com,1965-01-19,male,inactive,1,2017-12-10T07:52:52.344Z,584 Kirlin Lodge,Walterborough,Indiana,96394-5184,407.163.4006
lv0wtqw3,Trinity,Alberto,Murray,Jewell36@yahoo.com,1966-01-24,female,active,0,,8468 Kuphal Common,Stanleymouth,Alaska,99589,1-571-378-5402 x8307
6w9od40j,Francesco,Danika,Terry,Martine_Goodwin59@gmail.com,1981-09-12,male,inactive,0,,5781 Reichel Valley,Susanahaven,Texas,33309,1-733-894-6025
gq8l73qp,Fritz,Camden,Homenick,Javon_Upton@yahoo.com,1995-06-14,female,inactive,1,2018-04-16T09:33:06.393Z,0344 Thiel Stravenue,Hodkiewiczfort,Ohio,95064-0706,379-129-1190 x279
x74w6y99,Katharina,Samantha,Hyatt,Candida16@yahoo.com,2013-08-24,male,inactive,0,,3934 Quincy Extension,East Gregorioberg,Oregon,64694,(674) 776-1315 x00476
bpq9ags8,Triston,Aglae,Goyette,Joany_Ward@hotmail.com,2015-02-01,female,active,0,,75138 Koss Shoal,North Juwan,Washington,41674-3895,1-957-991-0287 x6028
5tsoyzfh,Annette,Sister,Schuster,Alessandro24@hotmail.com,1969-02-25,male,active,0,,71117 Izabella Shores,West Estherstad,South Dakota,48408-7965,750.139.9677
w8qg0tzh,Leopold,Jonathan,Schoen,Nicholas_Price@hotmail.com,1977-03-16,male,inactive,1,2017-06-10T05:20:01.064Z,854 Adams Inlet,Alexanefurt,Nevada,54502-0088,407-885-8253 x3913
zru7p1gt,Walton,Wilbert,Murray,Lew.Franecki@gmail.com,1976-03-05,female,inactive,0,,40878 Stark Island,Port Columbus,Maryland,23692-3426,434-406-9767 x851
dxcmr9l1,Sage,Deron,Romaguera,Hassie38@yahoo.com,1996-07-26,female,inactive,0,,47608 Karlee Keys,Tremblayland,Hawaii,13859,779-348-4805 x016
ipq35hrc,Eileen,Adrain,Hodkiewicz,Gage57@yahoo.com,1959-07-22,female,inactive,1,2018-01-05T23:27:46.580Z,4574 Quigley Plaza,South Jaquelineville,Wyoming,21329,1-304-733-1599 x877
35i7apip,Modesta,Rowland,Aufderhar,Colton.Quigley@hotmail.com,1988-01-13,female,active,0,,631 Treutel Forest,West Paxton,Arkansas,19911,844-517-4866
srjnbto3,Cole,Brendon,Weissnat,Sonia3@hotmail.com,1988-03-04,male,inactive,1,2018-04-25T13:24:11.586Z,222 Brown Brook,Lake Odellmouth,Alaska,58195,1-453-673-3054 x6096
sbok85ic,Kailyn,Hermina,Huels,Marion23@gmail.com,1975-03-25,female,active,1,2017-09-08T15:51:45.639Z,97755 Barrows Brooks,New Clementmouth,Texas,01985-3593,886.531.9733
xyeyzgsq,Mohammad,Kristofer,Roob,Braeden.Bernhard@hotmail.com,1961-01-15,male,active,1,2017-08-30T09:24:27.752Z,857 Ressie Bridge,Port Natashaland,California,50103,408.646.5823
z56e7vgl,Elinore,Gaston,Harber,Janice_Schuster@gmail.com,1984-06-30,male,active,0,,186 Alexane Via,South Zoeburgh,Hawaii,11757-6413,312-612-2488 x981
l6wjco1b,Stewart,Mariano,White,Alisha_Labadie@gmail.com,2009-05-28,male,active,1,2017-06-06T06:47:42.442Z,12233 Sasha Gateway,West Ava,Indiana,82687-7418,1-271-065-1789 x9158
dunbjfrs,Anne,Darby,Hane,Teagan.Beer@hotmail.com,2005-01-21,female,inactive,1,2018-04-17T18:34:45.711Z,90160 Delfina Parks,Ryderfurt,New Mexico,42231,333-935-0667 x7457
ilziduk8,Dora,Judah,Murphy,Kattie33@gmail.com,1976-06-29,male,inactive,1,2018-02-02T17:27:26.674Z,5990 Clint Causeway,Krajciktown,South Carolina,02637,(330) 428-0930
bwlo8zud,Herman,Winnifred,Lehner,Koby_Crona@yahoo.com,1993-01-12,female,inactive,1,2017-06-07T05:57:33.989Z,818 Preston Cliff,North Sarai,Maryland,08271,(366) 546-5025 x380
719vod2o,Claudie,Isai,Hudson,Amanda.Jones5@gmail.com,2018-03-19,male,active,1,2018-04-25T23:56:08.389Z,37008 Rempel Throughway,East Carole,Pennsylvania,50286,600-706-3466 x5218
rx7e448a,Haskell,Ceasar,Lakin,Marley_Bogan70@yahoo.com,1980-03-25,male,inactive,0,,341 O'Connell Port,South Moriahberg,Delaware,93210-0908,(991) 391-8105 x43953
bwzbt3fz,Derick,Jacklyn,Thompson,Eudora_Crooks70@hotmail.com,1976-06-12,male,inactive,1,2017-11-30T09:36:15.080Z,7671 Marquardt Forks,Lake Candido,Virginia,83685-0534,1-344-789-6366 x086
fqk7re5q,Bulah,Clovis,Walsh,Shanny.Wuckert@gmail.com,1964-03-24,female,active,0,,75503 Constance Island,South Ellenmouth,Mississippi,40423,926-790-2869 x8448
pnd5lj2w,Nikko,Stella,Bergstrom,Colin75@hotmail.com,1972-01-22,female,inactive,1,2017-10-29T08:48:25.465Z,144 Troy Loaf,East Verdieton,Ohio,16065-4448,1-642-584-7505 x325
sxxwnsjm,Jayce,Immanuel,Ebert,Shyanne.Rosenbaum17@hotmail.com,1981-11-20,female,inactive,0,,236 Champlin Freeway,Rennerview,Texas,36894,029.757.5339 x89874
gdzf9aph,Ayden,Marlee,Lynch,Norris81@gmail.com,2008-11-23,male,inactive,0,,17077 Mireya Tunnel,New Dereckland,Kansas,02383-8675,(125) 499-4221 x8795
2ey5y9y9,Pierce,Terry,Gerhold,Mabel_Pfeffer@hotmail.com,2005-01-10,female,inactive,1,2018-03-09T05:06:10.284Z,7294 Conn Circles,Port Alicefort,Maryland,35362-1432,858.422.6625 x830
sani7sg5,Bria,Santiago,Emard,Elda.Beer83@gmail.com,1993-11-03,male,inactive,1,2017-07-05T08:45:00.249Z,80103 Jakubowski Prairie,Haileeburgh,Illinois,37988-7281,275.160.5924 x78685
qnjy3wke,Paxton,Ahmed,Marquardt,Russell.Hamill@gmail.com,2004-12-17,male,inactive,0,,120 Emiliano Prairie,Port Alexburgh,Louisiana,63324,(591) 087-2495 x3663
fga6bbxd,Marcellus,Melany,Orn,Maria97@yahoo.com,2000-08-21,female,inactive,0,,63906 Keira Mountains,North Albinfurt,Hawaii,82740-4694,817.027.8078
wsgf3i1k,Halie,Bridie,Mann,Adela.Boehm52@gmail.com,2013-11-05,male,inactive,1,2018-04-18T22:28:17.951Z,4225 Mariam Plains,Reynoldston,Maine,96467-8944,(450) 990-0529
97tt32oi,Kian,Melba,Upton,Logan95@yahoo.com,2004-10-19,female,inactive,1,2017-10-23T03:05:38.260Z,753 Leonor Meadows,North Rosalia,Montana,40560,020.851.1528 x639
rlcwwret,Eudora,Wilfrid,Welch,Jaquelin_Murazik@gmail.com,1974-03-23,male,active,0,,0651 Feest Heights,Adriennefurt,Maine,76855,(237) 275-5116 x52296
q7grpq9j,Alize,Dylan,Keeling,Colton54@yahoo.com,1972-12-25,male,active,1,2018-03-09T15:32:14.344Z,378 Lexie Loaf,Mercedesport,Alabama,66390-7832,123-964-1644 x0606
4nur3h26,Jay,Theo,Stamm,Madie_Wisozk5@yahoo.com,1987-07-22,male,active,0,,791 Electa Knolls,Lake Dale,Montana,20477,(204) 545-2151 x75179
ifziosjv,Rosemarie,Alfonzo,Mitchell,Leilani.Jakubowski@yahoo.com,2006-08-16,female,inactive,1,2017-10-10T02:27:01.422Z,378 Sally Divide,North Harmon,Illinois,73323,(082) 583-6868
m6sze0oe,Damien,Grace,Senger,Margarete_Schoen79@hotmail.com,1969-02-21,male,active,1,2017-12-06T10:54:02.596Z,962 Macie Estates,West Vincenza,Arizona,45775,542-252-6073 x4093
tzvg5t3v,Jamel,Tanner,Daniel,Nikita_Walsh58@yahoo.com,2012-03-09,male,inactive,0,,715 Weissnat Square,North Garfield,Alabama,65970,1-602-899-8706 x236
t27mf2hi,Imogene,Esteban,Hintz,Ryan.Abbott@yahoo.com,1978-08-22,female,active,1,2018-01-05T07:06:11.113Z,7381 Wuckert Groves,Milfordbury,Delaware,09137-8047,(261) 838-3500 x497
uo9g3e3m,Patience,Emile,Barton,Karson73@gmail.com,1995-11-06,female,inactive,0,,021 Parisian Turnpike,Lake Gracie,Tennessee,41122-1558,(857) 706-2526 x7911
vlm332u4,Chase,Ariel,Conn,William_Douglas@yahoo.com,1979-12-30,female,inactive,0,,5357 Michael Spring,Port Gudrunmouth,Rhode Island,27754,1-974-857-7969 x45194
ejr57xkr,Susana,Jaycee,Halvorson,Jameson.Satterfield@hotmail.com,1986-05-20,female,active,0,,604 Chandler Canyon,Lake Alberttown,Texas,09498-0194,1-070-541-3805 x829
cikksn5q,Jayson,Patricia,Conn,Samara.Hoppe@hotmail.com,1992-04-30,female,active,0,,87498 Aida Coves,New Bridgette,Alabama,53574-0267,1-574-150-7930 x587
gvpe0lnr,Olin,Malika,Windler,Sadye.Halvorson@yahoo.com,2017-04-22,female,inactive,1,2017-07-18T07:19:06.512Z,07639 Arvilla Groves,South Gayle,West Virginia,00994,782-637-1589 x800
jzycc2y8,Moshe,Jane,Turner,Quincy_Wolf90@gmail.com,1982-08-06,female,active,0,,1525 Dickinson Ville,Kavonton,Nevada,55944-6413,(887) 886-4211 x2138
0krezloo,Jasen,Alf,Spinka,Seamus60@hotmail.com,1974-04-14,male,active,0,,9490 Berge Parkway,West Danika,Alabama,19457-1563,(309) 570-2522 x81523
tlvjjame,Odell,Emory,Tremblay,Valentine71@hotmail.com,1975-09-06,male,inactive,0,,606 Yvonne Islands,Marlinberg,Missouri,45872-6501,(804) 914-8793 x39829
h5um2js1,Ebba,Dena,Dickinson,Kirstin.Dicki13@yahoo.com,1987-03-03,female,active,0,,58473 Willms Pike,North Henrietteberg,Montana,24926,(290) 872-9299
w9ggwqda,Einar,Nicolette,Rogahn,Milan80@gmail.com,1999-12-30,female,inactive,0,,1969 Kihn Isle,Natmouth,Oklahoma,84455,(341) 859-9074
rs420gea,Helmer,Polly,Mraz,Axel82@yahoo.com,1998-11-10,female,active,0,,49752 Isaac Circles,West Davon,Arkansas,44292-4833,555.416.1636 x3237
tihh4eri,Dudley,Wilber,Erdman,Marina82@hotmail.com,2012-05-29,male,inactive,1,2018-05-08T10:58:21.333Z,8927 Lupe Summit,New Chester,Mississippi,07683-4504,327-409-7826 x4885
dx9st2mx,Nat,Crystel,Kuphal,Sterling71@yahoo.com,1993-09-25,male,inactive,0,,29299 Bell Ridge,Marquardthaven,Utah,09796,(689) 944-1131 x571
2ymq25kh,Alicia,Pietro,Terry,Eloy.Ernser37@gmail.com,2015-03-05,male,active,0,,8230 Gerhard Loop,West Williebury,Alabama,05815-5907,311-837-7137 x63197
wmexxjh9,Abbie,Sister,Hartmann,Melyna.Harvey26@yahoo.com,1980-01-14,male,inactive,0,,8587 Brendan Junctions,West Hansshire,New Mexico,00440-6573,1-647-290-4910 x0968
0fe7x4kp,Lillian,Kelli,Kertzmann,Anissa.Leannon68@yahoo.com,2014-12-28,female,active,1,2017-06-25T08:25:32.198Z,6880 Walker Inlet,Bartolettiport,Minnesota,32763-1001,158.129.2406
4qiqveot,Simeon,Rowan,Emmerich,Fred.Parker85@gmail.com,1959-06-09,female,active,1,2017-06-21T07:25:56.460Z,479 King Trafficway,New Torrancestad,New York,77577-1235,1-558-239-7568
jpyxqvmq,Wanda,Robb,Lueilwitz,Markus_Hessel26@gmail.com,1969-05-17,male,inactive,1,2017-08-06T04:12:34.393Z,050 Friesen Well,West Minervamouth,Nebraska,81664-1052,1-834-858-7528 x61118
zkag0sz7,Enola,Savannah,Ernser,Loy_Kilback@gmail.com,1976-08-15,female,inactive,0,,1689 Omer Camp,Kshlerinborough,Georgia,56084,(559) 078-7160
6nrzsesg,Rhett,Ursula,Keeling,Justen_Torphy@gmail.com,1989-10-01,male,inactive,1,2017-08-07T14:33:11.466Z,54474 Mossie Mews,Cruickshankshire,Hawaii,33349,(317) 891-2232 x1939
wfvqyf3d,Arch,Alessia,Mraz,Rachael38@yahoo.com,1968-07-04,female,active,1,2017-12-28T09:03:32.337Z,837 Conn Hills,Lake Lacyfort,Wyoming,49956-9367,(878) 006-9393 x214
fiofamud,Alden,America,Schultz,Delmer69@yahoo.com,1990-05-20,male,inactive,1,2017-10-21T06:30:20.490Z,999 Lueilwitz Plains,Ibrahimshire,Connecticut,06496-5434,1-496-260-0229 x649
je7414m1,Ashly,Nathan,Wilderman,Felicita_OConnell49@yahoo.com,2010-05-27,male,inactive,1,2017-09-25T03:06:04.615Z,1231 Satterfield Flats,South Jovanny,West Virginia,12858-9199,319.973.3628
yb1vz5tl,Woodrow,Keaton,Stanton,Edyth98@gmail.com,1964-08-18,male,inactive,0,,8171 Nienow Drive,Runolfsdottirchester,West Virginia,81627-6473,1-247-161-1018
pdihevds,Rasheed,Kaitlin,Hauck,Wilfred.Bahringer14@hotmail.com,1964-08-17,male,active,1,2018-01-25T12:54:28.437Z,6970 Schiller Key,Lake Romaine,Kentucky,04803-5823,(873) 641-8319 x277
xsj8tw0r,Amber,Lilliana,Bayer,Josh5@hotmail.com,1963-02-02,male,active,0,,341 Marks Springs,O'Connellfort,Georgia,87911,1-373-081-4026 x3796
dietu3tg,Jaylin,Axel,Schneider,Shanel.Stracke@yahoo.com,2011-08-21,female,inactive,0,,7886 Smitham Station,Gerholdfort,Pennsylvania,56068-7487,(479) 014-9354 x5002
j9d6d13u,Elmo,Raegan,Sporer,Tiara_Wisoky82@yahoo.com,2018-01-30,female,inactive,0,,15077 Rebeka Cliff,South Majormouth,Wisconsin,35482,(358) 923-3907
u7cutezn,Providenci,Roy,Kreiger,Raegan_Kunde@gmail.com,1972-10-09,male,inactive,0,,7483 Muller Fields,Willowmouth,Louisiana,74443,1-152-451-2866 x92665
axn04f0p,Leanne,Carrie,Rowe,Stella12@yahoo.com,1973-10-26,female,inactive,1,2017-08-23T16:44:10.688Z,7519 McCullough Estates,Joanmouth,Illinois,52616-2928,473-601-1552 x834
drf8wphc,Deven,Craig,Schultz,Moises_Grant@yahoo.com,1991-02-01,male,inactive,1,2017-05-25T10:37:21.561Z,309 Yvonne Highway,East Barton,Kansas,56077,334-484-9970 x59170
e24lqr03,Ulices,Claire,Dibbert,Milan_Conn@gmail.com,2004-11-23,male,inactive,0,,2913 Tabitha Hill,Port Mateotown,Delaware,65540,(174) 525-1978
t15w4y9j,Easton,Arno,Wuckert,Jody_Turner@gmail.com,1961-11-22,male,active,1,2018-01-03T10:50:33.312Z,697 Ubaldo Locks,Charleyview,Montana,07994-0575,1-075-356-7136 x02108
ll0winrp,Mozelle,Rosemarie,Kunze,Rosalyn_Gleichner18@yahoo.com,1999-09-28,female,inactive,0,,787 Sporer Forge,South Charley,Wisconsin,67143-4669,527.928.8762 x9432
22m6iu5g,Javier,Fredrick,Effertz,Cheyanne.Hane@hotmail.com,2003-11-11,female,inactive,0,,882 Hermann Dale,Port Mackmouth,Colorado,18763,1-596-410-4177
blrmboda,Anissa,Dillan,Kuphal,Myron.Leuschke@yahoo.com,1967-08-13,female,inactive,1,2017-10-18T16:02:35.783Z,1213 London Ford,Larsonland,Georgia,69059,(596) 870-8490 x52314
bpefcv13,Catharine,Camille,Stanton,Gardner18@yahoo.com,2016-02-07,female,inactive,1,2017-05-27T09:11:06.562Z,35395 Koby Plains,North Hardy,Missouri,54603,(211) 631-7972 x34228
l1bzhip0,Dimitri,Allie,Welch,Edna37@yahoo.com,1976-01-10,female,active,1,2018-02-07T20:59:11.248Z,5000 Treutel Forest,West Monserratemouth,Missouri,59102,(972) 193-8873 x97458
mvx6iz2g,Fermin,Bailee,Bruen,Dorthy.Kunde25@yahoo.com,1986-12-13,female,inactive,1,2018-03-19T15:22:32.052Z,93522 Gerlach Knoll,Emmetside,West Virginia,81608,1-508-023-8229
mq1mzy31,Dante,Libbie,Towne,Dudley75@yahoo.com,2002-04-04,male,active,1,2017-08-28T09:17:51.426Z,359 Thiel Forks,Joybury,Nevada,20475,534-015-6680 x6953
kvpjzvj8,Timothy,Grant,Hoppe,Amelia59@yahoo.com,2001-08-04,male,inactive,1,2017-11-15T23:46:40.515Z,10463 Strosin Heights,Torpshire,Virginia,76115,1-433-776-9913 x18359
uhep28ol,Robb,Linnea,Murray,Wendy74@yahoo.com,1969-06-21,female,inactive,1,2018-01-16T02:33:40.378Z,0978 Raynor Neck,South Jena,Delaware,44510,(276) 315-5916 x707
xenkeoi1,Jarvis,Claudine,Johnston,Zechariah.Parisian@hotmail.com,1993-11-02,female,active,0,,4819 Burnice Forge,Kunzefort,South Dakota,27389,264-766-8647 x71429
8a0x1u8k,Karianne,Osbaldo,Hartmann,Teagan_Harber@yahoo.com,1962-03-31,female,inactive,1,2017-08-16T14:07:38.877Z,6971 Lemke Light,Jessieside,Missouri,36184-7516,842-366-3951 x66991
k1ewxtgl,Berneice,Hobart,Considine,Brandt_Ziemann25@gmail.com,1976-01-15,female,inactive,1,2018-04-13T08:11:20.240Z,25621 Feest Alley,Christiansenhaven,Wyoming,53577,518-604-3177
207e74hk,Dayne,Shad,Kling,Golda31@hotmail.com,1980-12-19,female,active,1,2018-04-22T03:41:13.892Z,9435 Shields Glens,Darrickfort,South Carolina,02839-2305,655.118.0470 x8570
py8ociqy,Kaela,Dion,MacGyver,Jamey16@hotmail.com,1964-05-20,female,inactive,1,2017-09-30T05:37:31.700Z,0419 Little Throughway,Lake Denatown,Ohio,24439,1-232-476-1328 x618
